Workbook
Name avg_age: Departments!$P$25
Name avg_sal: Departments!$P$24
Name department_value: 'Department Dashboard'!$G$5
Name tot_emp: Departments!$P$23
Name total_employees: 'Company Dashboard'!$B$1

Sheet Data
A1: Name | B1: Gender | C1: Department | D1: Age | E1: Date Joined | F1: Salary | G1: Rating
A2: Lindy Guillet | B2: Male | C2: Sales | D2: 22 | E2: 44446 | F2: 112780 | G2: Above average
A3: Ambros Murthwaite | B3: Male | C3: Procurement | D3: 46 | E3: 44758 | F3: 70610 | G3: Average
A4: Tatum Hush | B4: Female | C4: Sales | D4: 28 | E4: 44357 | F4: 53240 | G4: Average
A5: Benny Karolovsky | B5: Other | C5: Finance | D5: 37 | E5: 44146 | F5: 115440 | G5: Poor
A6: Hoyt D'Alesco | B6: Male | C6: Sales | D6: 32 | E6: 44465 | F6: 53540 | G6: Average
A7: Halimeda Kuscha | B7: Female | C7: Procurement | D7: 30 | E7: 44861 | F7: 112570 | G7: Average
A8: Erin Androsik | B8: Male | C8: Procurement | D8: 33 | E8: 44701 | F8: 48530 | G8: Above average
A9: Vic Radolf | B9: Female | C9: Website | D9: 24 | E9: 44148 | F9: 62780 | G9: Average
A10: William Reeveley | B10: Male | C10: Website | D10: 33 | E10: 44509 | F10: 53870 | G10: Average
A11: Ewart Laphorn | B11: Female | C11: HR | D11: 27 | E11: 44122 | F11: 119110 | G11: Average
A12: Bev Lashley | B12: Male | C12: Website | D12: 29 | E12: 44180 | F12: 112110 | G12: Poor
A13: Kath Bletsoe | B13: Male | C13: Sales | D13: 25 | E13: 44383 | F13: 65700 | G13: Average
... A101: Vic Radolf | B101: Female | C101: Website | D101: 24 | E101: 44148 | F101: 62780 | G101: Average

Sheet Company Dashboard
B1: India Staff Company Dashboard

Sheet Department Dashboard
A1: Departmental Dashboard
G5: Sales

Sheet analysis_questions
B1: Name | C1: Gender | D1: Department | E1: Age | F1: Date Joined | G1: Salary | H1: Rating | I1: Period
B2: Lindy Guillet | C2: Male | D2: Sales | E2: 22 | F2: 44446 | G2: 112780 | H2: Above average | I2: =TEXT(F2,"mmm yyyy") -> Sep 2021
B3: Ambros Murthwaite | C3: Male | D3: Procurement | E3: 46 | F3: 44758 | G3: 70610 | H3: Average | I3: =TEXT(F3,"mmm yyyy") -> Jul 2022 | K3: Analysis Questions
B4: Tatum Hush | C4: Female | D4: Sales | E4: 28 | F4: 44357 | G4: 53240 | H4: Average | I4: =TEXT(F4,"mmm yyyy") -> Jun 2021 | K4: Summary statistics
B5: Benny Karolovsky | C5: Other | D5: Finance | E5: 37 | F5: 44146 | G5: 115440 | H5: Poor | I5: =TEXT(F5,"mmm yyyy") -> Nov 2020 | L5: Average / Max/ Min/ Median age
B6: Hoyt D'Alesco | C6: Male | D6: Sales | E6: 32 | F6: 44465 | G6: 53540 | H6: Average | I6: =TEXT(F6,"mmm yyyy") -> Sep 2021 | L6: Average Salary
B7: Halimeda Kuscha | C7: Female | D7: Procurement | E7: 30 | F7: 44861 | G7: 112570 | H7: Average | I7: =TEXT(F7,"mmm yyyy") -> Oct 2022 | L7: Total Number of employees
B8: Erin Androsik | C8: Male | D8: Procurement | E8: 33 | F8: 44701 | G8: 48530 | H8: Above average | I8: =TEXT(F8,"mmm yyyy") -> May 2022 | L8: Total number of departments
B9: Vic Radolf | C9: Female | D9: Website | E9: 24 | F9: 44148 | G9: 62780 | H9: Average | I9: =TEXT(F9,"mmm yyyy") -> Nov 2020 | L9: Employee Ratings Count
B10: William Reeveley | C10: Male | D10: Website | E10: 33 | F10: 44509 | G10: 53870 | H10: Average | I10: =TEXT(F10,"mmm yyyy") -> Nov 2021 | L10: Salary distribution according to age/ rating/ department/ gender
B11: Ewart Laphorn | C11: Female | D11: HR | E11: 27 | F11: 44122 | G11: 119110 | H11: Average | I11: =TEXT(F11,"mmm yyyy") -> Oct 2020 | L11: Rating distribution according to age/department/ gender
B12: Bev Lashley | C12: Male | D12: Website | E12: 29 | F12: 44180 | G12: 112110 | H12: Poor | I12: =TEXT(F12,"mmm yyyy") -> Dec 2020
B13: Kath Bletsoe | C13: Male | D13: Sales | E13: 25 | F13: 44383 | G13: 65700 | H13: Average | I13: =TEXT(F13,"mmm yyyy") -> Jul 2021
B14: Murry Dryburgh | C14: Male | D14: Website | E14: 37 | F14: 44701 | G14: 69070 | H14: Average | I14: =TEXT(F14,"mmm yyyy") -> May 2022
B15: Kaine Padly | C15: Male | D15: Website | E15: 20 | F15: 44459 | G15: 107700 | H15: Average | I15: =TEXT(F15,"mmm yyyy") -> Sep 2021
B16: Kassi Jonson | C16: Female | D16: Website | E16: 32 | F16: 44354 | G16: 43840 | H16: Above average | I16: =TEXT(F16,"mmm yyyy") -> Jun 2021
B17: Simon Kembery | C17: Male | D17: Procurement | E17: 40 | F17: 44263 | G17: 99750 | H17: Average | I17: =TEXT(F17,"mmm yyyy") -> Mar 2021 | K17: Departmental Statistics
B18: Orton Livick | C18: Male | D18: Procurement | E18: 21 | F18: 44104 | G18: 37920 | H18: Average | I18: =TEXT(F18,"mmm yyyy") -> Sep 2020 | L18: Age Statistics per deparment
B19: Kelci Walkden | C19: Male | D19: Procurement | E19: 21 | F19: 44762 | G19: 57090 | H19: Average | I19: =TEXT(F19,"mmm yyyy") -> Jul 2022 | L19: Gender statistics
B20: Dotty Strutley | C20: Female | D20: Website | E20: 31 | F20: 44145 | G20: 41980 | H20: Average | I20: =TEXT(F20,"mmm yyyy") -> Nov 2020 | L20: Salary statistics per gender, rating
B21: Shari McNee | C21: Male | D21: HR | E21: 21 | F21: 44242 | G21: 75880 | H21: Average | I21: =TEXT(F21,"mmm yyyy") -> Feb 2021 | L21: Number of employees per department
B22: Oby Sorrel | C22: Female | D22: Finance | E22: 34 | F22: 44653 | G22: 58940 | H22: Average | I22: =TEXT(F22,"mmm yyyy") -> Apr 2022 | L22: Rating per department
B23: Husein Augar | C23: Female | D23: Finance | E23: 30 | F23: 44389 | G23: 67910 | H23: Poor | I23: =TEXT(F23,"mmm yyyy") -> Jul 2021
B24: Brien Boise | C24: Female | D24: Website | E24: 31 | F24: 44663 | G24: 58100 | H24: Average | I24: =TEXT(F24,"mmm yyyy") -> Apr 2022
B25: Esmaria Denecamp | C25: Male | D25: Finance | E25: 27 | F25: 44567 | G25: 48980 | H25: Average | I25: =TEXT(F25,"mmm yyyy") -> Jan 2022
B26: Curtice Advani | C26: Other | D26: Finance | E26: 30 | F26: 44597 | G26: 64000 | H26: Average | I26: =TEXT(F26,"mmm yyyy") -> Feb 2022
B27: Barr Faughny | C27: Female | D27: Procurement | E27: 42 | F27: 44779 | G27: 75000 | H27: Exceptional | I27: =TEXT(F27,"mmm yyyy") -> Aug 2022
B28: Merrilee Plenty | C28: Female | D28: Website | E28: 40 | F28: 44337 | G28: 87620 | H28: Average | I28: =TEXT(F28,"mmm yyyy") -> May 2021
B29: Niall Selesnick | C29: Female | D29: Website | E29: 29 | F29: 44023 | G29: 34980 | H29: Average | I29: =TEXT(F29,"mmm yyyy") -> Jul 2020
B30: Beverie Moffet | C30: Female | D30: Finance | E30: 28 | F30: 44185 | G30: 75970 | H30: Average | I30: =TEXT(F30,"mmm yyyy") -> Dec 2020
B31: Jehu Rudeforth | C31: Female | D31: Finance | E31: 34 | F31: 44612 | G31: 60130 | H31: Average | I31: =TEXT(F31,"mmm yyyy") -> Feb 2022
B32: Camilla Castle | C32: Female | D32: Website | E32: 33 | F32: 44374 | G32: 75480 | H32: Very poor | I32: =TEXT(F32,"mmm yyyy") -> Jun 2021
B33: Roddy Speechley | C33: Male | D33: Procurement | E33: 33 | F33: 44164 | G33: 115920 | H33: Average | I33: =TEXT(F33,"mmm yyyy") -> Nov 2020
B34: Gray Seamon | C34: Female | D34: Sales | E34: 36 | F34: 44494 | G34: 78540 | H34: Average | I34: =TEXT(F34,"mmm yyyy") -> Oct 2021
... B101: Vic Radolf | C101: Female | D101: Website | E101: 24 | F101: 44148 | G101: 62780 | H101: Average | I101: =TEXT(F101,"mmm yyyy") -> Nov 2020

Sheet Departments_analysis
A1: Name | B1: Gender | C1: Department | D1: Age | E1: Date Joined | F1: Salary | G1: Rating
A2: {=_xlfn._xlws.FILTER(Data!A2:G101,Data!C2:C101 = department_value, "No data found for this department")} -> Lindy Guillet | B2: Male | C2: Sales | D2: 22 | E2: 44446 | F2: 112780 | G2: Above average | P2: Departmental Statistics
A3: Tatum Hush | B3: Female | C3: Sales | D3: 28 | E3: 44357 | F3: 53240 | G3: Average | Q3: Average Age per department
A4: Hoyt D'Alesco | B4: Male | C4: Sales | D4: 32 | E4: 44465 | F4: 53540 | G4: Average | I4: Department Name: | J4: =C2 -> Sales | Q4: Age distribution per department
A5: Kath Bletsoe | B5: Male | C5: Sales | D5: 25 | E5: 44383 | F5: 65700 | G5: Average | I5: Total Employees: | J5: =COUNTA(A2:A100) -> 17 | Q5: Average Salary per department
A6: Gray Seamon | B6: Female | C6: Sales | D6: 36 | E6: 44494 | F6: 78540 | G6: Average | I6: Average Age | J6: =AVERAGE(D:D) -> 30.058824 | Q6: Number of employees per department
A7: Violante Courtonne | B7: Female | C7: Sales | D7: 34 | E7: 44721 | F7: 49630 | G7: Poor | I7: Average Salary | J7: =AVERAGE(F:F) -> 68805.294 | Q7: Rating per department
A8: Hyacinthie Braybrooke | B8: Female | C8: Sales | D8: 20 | E8: 44537 | F8: 68900 | G8: Poor | Q8: Salary distribution according to age/ rating/ gender
A9: Rafaelita Blaksland | B9: Female | C9: Sales | D9: 38 | E9: 44377 | F9: 109160 | G9: Exceptional | J9: Male | K9: Female | L9: Other
A10: Alta Kaszper | B10: Male | C10: Sales | D10: 27 | E10: 44134 | F10: 54970 | G10: Average | I10: Gender | J10: =COUNTIF($B:$B,J$9) -> 9 | K10: =COUNTIF($B:$B,K$9) -> 8 | L10: =COUNTIF($B:$B,L$9) -> 0
A11: Oran Buxcy | B11: Female | C11: Sales | D11: 38 | E11: 44329 | F11: 56870 | G11: Above average
A12: Hinda Label | B12: Female | C12: Sales | D12: 25 | E12: 44205 | F12: 92700 | G12: Average
A13: Bili Sizey | B13: Male | C13: Sales | D13: 43 | E13: 44620 | F13: 36040 | G13: Average
A14: Drusy MacCombe | B14: Male | C14: Sales | D14: 28 | E14: 44820 | F14: 43510 | G14: Very poor | J14: Salary Distribution According to Gender
A15: Gigi Bohling | B15: Male | C15: Sales | D15: 33 | E15: 44385 | F15: 74550 | G15: Average | J15: Male | K15: Female | L15: Other
A16: Lindy Guillet | B16: Male | C16: Sales | D16: 22 | E16: 44446 | F16: 112780 | G16: Above average | I16: Average Salary | J16: =AVERAGEIF(B:B,"Male",F:F) -> 67490 | K16: =AVERAGEIF(B:B,"Female",F:F) -> 70285 | L16: =IFERROR(AVERAGEIF(B:B,"Other",F:F),"NA") -> NA
A17: Tatum Hush | B17: Female | C17: Sales | D17: 28 | E17: 44357 | F17: 53240 | G17: Average | I17: Highest Salary | J17: =_xlfn.MAXIFS(F:F,B:B,"Male") -> 112780 | K17: =_xlfn.MAXIFS(F:F,B:B,"Female") -> 109160 | L17: =IFERROR(AVERAGEIF(B:B,"Other",F:F),"NA") -> NA
A18: Hoyt D'Alesco | B18: Male | C18: Sales | D18: 32 | E18: 44465 | F18: 53540 | G18: Average | I18: Lowest Salary | J18: =_xlfn.MINIFS(F:F,B:B,"Male") -> 36040 | K18: =_xlfn.MINIFS(F:F,B:B,"Female") -> 49630 | L18: =IFERROR(AVERAGEIF(B:B,"Other",F:F),"NA") -> NA
J20: Rating Distribution According to Gender
J21: Exceptional | K21: Average | L21: Above average | M21: Poor | N21: Very poor | O21: Total
I22: Male | J22: =COUNTIFS($B:$B,$I$22,$G:$G,J$21) -> 0 | K22: =COUNTIFS($B:$B,$I$22,$G:$G,K$21) -> 6 | L22: =COUNTIFS($B:$B,$I$22,$G:$G,L$21) -> 2 | M22: =COUNTIFS($B:$B,$I$22,$G:$G,M$21) -> 0 | N22: =COUNTIFS($B:$B,$I$22,$G:$G,N$21) -> 1 | O22: =SUM(J22:N22) -> 9
I23: Female | J23: =COUNTIFS($B:$B,$I$23,$G:$G,J$21) -> 1 | K23: =COUNTIFS($B:$B,$I$23,$G:$G,K$21) -> 4 | L23: =COUNTIFS($B:$B,$I$23,$G:$G,L$21) -> 1 | M23: =COUNTIFS($B:$B,$I$23,$G:$G,M$21) -> 2 | N23: =COUNTIFS($B:$B,$I$23,$G:$G,N$21) -> 0 | O23: =SUM(J23:N23) -> 8
I24: Other | J24: =COUNTIFS($B:$B,$I$24,$G:$G,J$21) -> 0 | K24: =COUNTIFS($B:$B,$I$24,$G:$G,K$21) -> 0 | L24: =COUNTIFS($B:$B,$I$24,$G:$G,L$21) -> 0 | M24: =COUNTIFS($B:$B,$I$24,$G:$G,M$21) -> 0 | N24: =COUNTIFS($B:$B,$I$24,$G:$G,N$21) -> 0 | O24: =SUM(J24:N24) -> 0
I25: Sub-Total | J25: =SUM(J22:J24) -> 1 | K25: =SUM(K22:K24) -> 10 | L25: =SUM(L22:L24) -> 3 | M25: =SUM(M22:M24) -> 2 | N25: =SUM(N22:N24) -> 1 | O25: =SUM(J25:N25) -> 17
I27: Highest Salary | J27: =_xlfn.MAXIFS($F:$F,$G:$G,J$21) -> 109160 | K27: =_xlfn.MAXIFS($F:$F,$G:$G,K$21) -> 92700 | L27: =_xlfn.MAXIFS($F:$F,$G:$G,L$21) -> 112780 | M27: =_xlfn.MAXIFS($F:$F,$G:$G,M$21) -> 68900 | N27: =_xlfn.MAXIFS($F:$F,$G:$G,N$21) -> 43510
I28: Lowest Salary | J28: =_xlfn.MINIFS($F:$F,$G:$G,J$21) -> 109160 | K28: =_xlfn.MINIFS($F:$F,$G:$G,K$21) -> 36040 | L28: =_xlfn.MINIFS($F:$F,$G:$G,L$21) -> 56870 | M28: =_xlfn.MINIFS($F:$F,$G:$G,M$21) -> 49630 | N28: =_xlfn.MINIFS($F:$F,$G:$G,N$21) -> 43510
I29: Average Salary | J29: =IFERROR(AVERAGEIF($G:$G,J$21,$F:$F),"NA") -> 109160 | K29: =IFERROR(AVERAGEIF($G:$G,K$21,$F:$F),"NA") -> 61606 | L29: =IFERROR(AVERAGEIF($G:$G,L$21,$F:$F),"NA") -> 94143.333 | M29: =IFERROR(AVERAGEIF($G:$G,M$21,$F:$F),"NA") -> 59265 | N29: =IFERROR(AVERAGEIF($G:$G,N$21,$F:$F),"NA") -> 43510

Sheet Company Analysis
A2: Analysis Questions
A3: Summary statistics
B4: Average / Max/ Min/ Median age | H4: Average Age: | I4: =AVERAGE(Table2[Age]) -> 30.52 | J4: Name | K4: Department | N4: Salary Distribution
B5: Average Salary | H5: Oldest Employee | I5: =MAX(Table2[Age]) -> 46 | J5: =_xlfn.XLOOKUP(I5,analysis_questions!E2:E101,analysis_questions!B2:B101,0,2) -> Ambros Murthwaite | K5: =_xlfn.XLOOKUP(J5,analysis_questions!B2:B101,analysis_questions!D2:D101,"Not Found",0) -> Procurement | N5: Highest Salary | O5: =MAX(Table2[Salary]) -> 119110 | T5: Salary Distribution by Department
B6: Total Number of employees | H6: Youngest Employee: | I6: =MIN(Table2[Age]) -> 19 | J6: =_xlfn.XLOOKUP(I6,analysis_questions!E2:E101,analysis_questions!B2:B101,0,2) -> Lilyan Klimpt | K6: =_xlfn.XLOOKUP(J6,analysis_questions!B2:B101,analysis_questions!D2:D101,"Not Found",0) -> Procurement | N6: Lowest Salary | O6: =MIN(Table2[Salary]) -> 33920 | T6: Average Salary | U6: Highest Salary | V6: Lowest Salary
B7: Total number of departments | H7: Median Age: | I7: =MEDIAN(Table2[Age]) -> 30 | N7: Average Salary | O7: =AVERAGE(Table2[Salary]) -> 77472.1 | S7: {=_xlfn.UNIQUE(Table2[Department])} -> Sales | T7: =AVERAGEIF(Table2[Department],S7,Table2[Salary]) -> 68805.294 | U7: =_xlfn.MAXIFS(Table2[Salary],Table2[Department],S7) -> 112780 | V7: =_xlfn.MINIFS(Table2[Salary],Table2[Department],S7) -> 36040
B8: Employee Ratings Count | H8: Total Number of Employees: | I8: =COUNTA(Table2[Name]) -> 100 | N8: Median Salary | O8: =MEDIAN(Table2[Salary]) -> 74775 | S8: Procurement | T8: =AVERAGEIF(Table2[Department],S8,Table2[Salary]) -> 81850.645 | U8: =_xlfn.MAXIFS(Table2[Salary],Table2[Department],S8) -> 115920 | V8: =_xlfn.MINIFS(Table2[Salary],Table2[Department],S8) -> 37920
B9: Salary distribution according to age/ rating/ department/ gender | H9: Total Number of Departments | I9: =COUNTA(_xlfn.ANCHORARRAY(I10)) -> 5 | S9: Finance | T9: =AVERAGEIF(Table2[Department],S9,Table2[Salary]) -> 74621 | U9: =_xlfn.MAXIFS(Table2[Salary],Table2[Department],S9) -> 115440 | V9: =_xlfn.MINIFS(Table2[Salary],Table2[Department],S9) -> 48170
B10: Rating distribution according to age/department/ gender | H10: Departments | I10: {=_xlfn.UNIQUE(Table2[Department])} -> Sales | J10: =COUNTIF(Table2[Department],I10) -> 17 | N10: Salary Distribution by Gender | S10: Website | T10: =AVERAGEIF(Table2[Department],S10,Table2[Salary]) -> 78183.214 | U10: =_xlfn.MAXIFS(Table2[Salary],Table2[Department],S10) -> 118840 | V10: =_xlfn.MINIFS(Table2[Salary],Table2[Department],S10) -> 33920
B11: Employees Hired by duration | I11: Procurement | J11: =COUNTIF(Table2[Department],I11) -> 31 | N11: Male | O11: Female | P11: Other | S11: HR | T11: =AVERAGEIF(Table2[Department],S11,Table2[Salary]) -> 89650 | U11: =_xlfn.MAXIFS(Table2[Salary],Table2[Department],S11) -> 119110 | V11: =_xlfn.MINIFS(Table2[Salary],Table2[Department],S11) -> 45510
I12: Finance | J12: =COUNTIF(Table2[Department],I12) -> 20 | M12: Average Salary | N12: =AVERAGEIF(Table2[Gender],N11,Table2[Salary]) -> 75010.408 | O12: =AVERAGEIF(Table2[Gender],O11,Table2[Salary]) -> 78148.043 | P12: =AVERAGEIF(Table2[Gender],P11,Table2[Salary]) -> 95378
I13: Website | J13: =COUNTIF(Table2[Department],I13) -> 28 | M13: Highest Salary | N13: =_xlfn.MAXIFS(Table2[Salary],Table2[Gender],N11) -> 118840 | O13: =_xlfn.MAXIFS(Table2[Salary],Table2[Gender],O11) -> 119110 | P13: =_xlfn.MAXIFS(Table2[Salary],Table2[Gender],P11) -> 115440
I14: HR | J14: =COUNTIF(Table2[Department],I14) -> 4 | M14: Lowest Salary | N14: =_xlfn.MINIFS(Table2[Salary],Table2[Gender],N11) -> 36040 | O14: =_xlfn.MINIFS(Table2[Salary],Table2[Gender],O11) -> 33920 | P14: =_xlfn.MINIFS(Table2[Salary],Table2[Gender],P11) -> 64000
H16: Ratings
H17: {=_xlfn.UNIQUE(Table2[Rating])} -> Above average | I17: =COUNTIF(Table2[Rating],H17) -> 12 | N17: Salary Distribution by Rating
H18: Average | I18: =COUNTIF(Table2[Rating],H18) -> 74 | N18: Average Salary | O18: Highest Salary | P18: Lowest Salary
H19: Poor | I19: =COUNTIF(Table2[Rating],H19) -> 9 | M19: {=_xlfn.UNIQUE(Table2[Rating])} -> Above average | N19: =AVERAGEIF(Table2[Rating],M19,Table2[Salary]) -> 76720 | O19: =_xlfn.MAXIFS(Table2[Salary],Table2[Rating],M19) -> 112780 | P19: =_xlfn.MINIFS(Table2[Salary],Table2[Rating],M19) -> 43840
H20: Exceptional | I20: =COUNTIF(Table2[Rating],H20) -> 2 | M20: Average | N20: =AVERAGEIF(Table2[Rating],M20,Table2[Salary]) -> 76618.649 | O20: =_xlfn.MAXIFS(Table2[Salary],Table2[Rating],M20) -> 119110 | P20: =_xlfn.MINIFS(Table2[Salary],Table2[Rating],M20) -> 33920
H21: Very poor | I21: =COUNTIF(Table2[Rating],H21) -> 3 | M21: Poor | N21: =AVERAGEIF(Table2[Rating],M21,Table2[Salary]) -> 82262.222 | O21: =_xlfn.MAXIFS(Table2[Salary],Table2[Rating],M21) -> 115440 | P21: =_xlfn.MINIFS(Table2[Salary],Table2[Rating],M21) -> 49630
H22: Total Ratings | I22: =SUM(I17:I21) -> 100 | M22: Exceptional | N22: =AVERAGEIF(Table2[Rating],M22,Table2[Salary]) -> 92080 | O22: =_xlfn.MAXIFS(Table2[Salary],Table2[Rating],M22) -> 109160 | P22: =_xlfn.MINIFS(Table2[Salary],Table2[Rating],M22) -> 75000
M23: Very poor | N23: =AVERAGEIF(Table2[Rating],M23,Table2[Salary]) -> 77423.333 | O23: =_xlfn.MAXIFS(Table2[Salary],Table2[Rating],M23) -> 113280 | P23: =_xlfn.MINIFS(Table2[Salary],Table2[Rating],M23) -> 43510

Sheet Departments
G3: todo: Gender Statistics across company
G4: Gender Statistics across departments
E10: Age Statistic Per Department | I10: Gender Statistics | N10: Salary Statistics | R10: Rating Statistics
E11: Average Age | F11: Oldest Employee | G11: Youngest Employee | I11: Total Males | J11: Total Females | K11: Other | L11: Total Employees | N11: Average Salary | O11: Top Salary | P11: Lowest Salary | R11: Exceptional | S11: Above Average | T11: Average | U11: Poor | V11: Very poor
D12: {=_xlfn.UNIQUE(Table2[Department])} -> Sales | E12: =AVERAGEIF(Table2[Department],D12,Table2[Age]) -> 30.058824 | F12: =_xlfn.MAXIFS(Table2[Age],Table2[Department],D12) -> 43 | G12: =_xlfn.MINIFS(Table2[Age],Table2[Department],D12) -> 20 | I12: =COUNTIFS(Table2[Department],D12,Table2[Gender],"Male") -> 9 | J12: =COUNTIFS(Table2[Department],D12,Table2[Gender],"Female") -> 8 | K12: =COUNTIFS(Table2[Department],D12,Table2[Gender],"Other") -> 0 | L12: =COUNTIF(Table2[Department],D12) -> 17 | N12: =AVERAGEIF(Table2[Department],D12,Table2[Salary]) -> 68805.294 | O12: =_xlfn.MAXIFS(Table2[Salary],Table2[Department],D12) -> 112780 | P12: =_xlfn.MINIFS(Table2[Salary],Table2[Department],D12) -> 36040 | R12: =COUNTIFS(Table2[Department],D12,Table2[Rating],$R$11) -> 1 | S12: =COUNTIFS(Table2[Department],D12,Table2[Rating],$S$11) -> 3 | T12: =COUNTIFS(Table2[Department],D12,Table2[Rating],$T$11) -> 10 | U12: =COUNTIFS(Table2[Department],D12,Table2[Rating],$U$11) -> 2 | V12: =COUNTIFS(Table2[Department],D12,Table2[Rating],$V$11) -> 1
D13: Procurement | E13: =AVERAGEIF(Table2[Department],D13,Table2[Age]) -> 30.354839 | F13: =_xlfn.MAXIFS(Table2[Age],Table2[Department],D13) -> 46 | G13: =_xlfn.MINIFS(Table2[Age],Table2[Department],D13) -> 19 | I13: =COUNTIFS(Table2[Department],D13,Table2[Gender],"Male") -> 20 | J13: =COUNTIFS(Table2[Department],D13,Table2[Gender],"Female") -> 11 | K13: =COUNTIFS(Table2[Department],D13,Table2[Gender],"Other") -> 0 | L13: =COUNTIF(Table2[Department],D13) -> 31 | N13: =AVERAGEIF(Table2[Department],D13,Table2[Salary]) -> 81850.645 | O13: =_xlfn.MAXIFS(Table2[Salary],Table2[Department],D13) -> 115920 | P13: =_xlfn.MINIFS(Table2[Salary],Table2[Department],D13) -> 37920 | R13: =COUNTIFS(Table2[Department],D13,Table2[Rating],$R$11) -> 1 | S13: =COUNTIFS(Table2[Department],D13,Table2[Rating],$S$11) -> 4 | T13: =COUNTIFS(Table2[Department],D13,Table2[Rating],$T$11) -> 25 | U13: =COUNTIFS(Table2[Department],D13,Table2[Rating],$U$11) -> 0 | V13: =COUNTIFS(Table2[Department],D13,Table2[Rating],$V$11) -> 1
D14: Finance | E14: =AVERAGEIF(Table2[Department],D14,Table2[Age]) -> 31.6 | F14: =_xlfn.MAXIFS(Table2[Age],Table2[Department],D14) -> 42 | G14: =_xlfn.MINIFS(Table2[Age],Table2[Department],D14) -> 21 | I14: =COUNTIFS(Table2[Department],D14,Table2[Gender],"Male") -> 8 | J14: =COUNTIFS(Table2[Department],D14,Table2[Gender],"Female") -> 9 | K14: =COUNTIFS(Table2[Department],D14,Table2[Gender],"Other") -> 3 | L14: =COUNTIF(Table2[Department],D14) -> 20 | N14: =AVERAGEIF(Table2[Department],D14,Table2[Salary]) -> 74621 | O14: =_xlfn.MAXIFS(Table2[Salary],Table2[Department],D14) -> 115440 | P14: =_xlfn.MINIFS(Table2[Salary],Table2[Department],D14) -> 48170 | R14: =COUNTIFS(Table2[Department],D14,Table2[Rating],$R$11) -> 0 | S14: =COUNTIFS(Table2[Department],D14,Table2[Rating],$S$11) -> 2 | T14: =COUNTIFS(Table2[Department],D14,Table2[Rating],$T$11) -> 13 | U14: =COUNTIFS(Table2[Department],D14,Table2[Rating],$U$11) -> 5 | V14: =COUNTIFS(Table2[Department],D14,Table2[Rating],$V$11) -> 0
D15: Website | E15: =AVERAGEIF(Table2[Department],D15,Table2[Age]) -> 30.392857 | F15: =_xlfn.MAXIFS(Table2[Age],Table2[Department],D15) -> 43 | G15: =_xlfn.MINIFS(Table2[Age],Table2[Department],D15) -> 20 | I15: =COUNTIFS(Table2[Department],D15,Table2[Gender],"Male") -> 11 | J15: =COUNTIFS(Table2[Department],D15,Table2[Gender],"Female") -> 15 | K15: =COUNTIFS(Table2[Department],D15,Table2[Gender],"Other") -> 2 | L15: =COUNTIF(Table2[Department],D15) -> 28 | N15: =AVERAGEIF(Table2[Department],D15,Table2[Salary]) -> 78183.214 | O15: =_xlfn.MAXIFS(Table2[Salary],Table2[Department],D15) -> 118840 | P15: =_xlfn.MINIFS(Table2[Salary],Table2[Department],D15) -> 33920 | R15: =COUNTIFS(Table2[Department],D15,Table2[Rating],$R$11) -> 0 | S15: =COUNTIFS(Table2[Department],D15,Table2[Rating],$S$11) -> 3 | T15: =COUNTIFS(Table2[Department],D15,Table2[Rating],$T$11) -> 22 | U15: =COUNTIFS(Table2[Department],D15,Table2[Rating],$U$11) -> 2 | V15: =COUNTIFS(Table2[Department],D15,Table2[Rating],$V$11) -> 1
D16: HR | E16: =AVERAGEIF(Table2[Department],D16,Table2[Age]) -> 29.25 | F16: =_xlfn.MAXIFS(Table2[Age],Table2[Department],D16) -> 37 | G16: =_xlfn.MINIFS(Table2[Age],Table2[Department],D16) -> 21 | I16: =COUNTIFS(Table2[Department],D16,Table2[Gender],"Male") -> 1 | J16: =COUNTIFS(Table2[Department],D16,Table2[Gender],"Female") -> 3 | K16: =COUNTIFS(Table2[Department],D16,Table2[Gender],"Other") -> 0 | L16: =COUNTIF(Table2[Department],D16) -> 4 | N16: =AVERAGEIF(Table2[Department],D16,Table2[Salary]) -> 89650 | O16: =_xlfn.MAXIFS(Table2[Salary],Table2[Department],D16) -> 119110 | P16: =_xlfn.MINIFS(Table2[Salary],Table2[Department],D16) -> 45510 | R16: =COUNTIFS(Table2[Department],D16,Table2[Rating],$R$11) -> 0 | S16: =COUNTIFS(Table2[Department],D16,Table2[Rating],$S$11) -> 0 | T16: =COUNTIFS(Table2[Department],D16,Table2[Rating],$T$11) -> 4 | U16: =COUNTIFS(Table2[Department],D16,Table2[Rating],$U$11) -> 0 | V16: =COUNTIFS(Table2[Department],D16,Table2[Rating],$V$11) -> 0
H17: Grand total | I17: =SUM(I12:I16) -> 49 | J17: =SUM(J12:J16) -> 46 | K17: =SUM(K12:K16) -> 5 | L17: =SUM(L12:L16) -> 100 | Q17: Total | R17: =SUM(R12:R16) -> 2 | S17: =SUM(S12:S16) -> 12 | T17: =SUM(T12:T16) -> 74 | U17: =SUM(U12:U16) -> 9 | V17: =SUM(V12:V16) -> 3
I19: Highest Paid Male | J19: Highest Paid Female | K19: Lowest Paid Male | L19: Lowest Paid Female
H20: {=_xlfn.UNIQUE(Table2[Department])} -> Sales | I20: =_xlfn.MAXIFS(Table2[Salary],Table2[Department],$H20,Table2[Gender],"Male") -> 112780 | J20: =_xlfn.MAXIFS(Table2[Salary],Table2[Department],H20,Table2[Gender],"Female") -> 109160 | K20: =_xlfn.MINIFS(Table2[Salary],Table2[Department],$H20,Table2[Gender],"Male") -> 36040 | L20: =_xlfn.MINIFS(Table2[Salary],Table2[Department],$H20,Table2[Gender],"Female") -> 49630
H21: Procurement | I21: =_xlfn.MAXIFS(Table2[Salary],Table2[Department],$H21,Table2[Gender],"Male") -> 115920 | J21: =_xlfn.MAXIFS(Table2[Salary],Table2[Department],H21,Table2[Gender],"Female") -> 114890 | K21: =_xlfn.MINIFS(Table2[Salary],Table2[Department],$H21,Table2[Gender],"Male") -> 37920 | L21: =_xlfn.MINIFS(Table2[Salary],Table2[Department],$H21,Table2[Gender],"Female") -> 41570
H22: Finance | I22: =_xlfn.MAXIFS(Table2[Salary],Table2[Department],$H22,Table2[Gender],"Male") -> 96800 | J22: =_xlfn.MAXIFS(Table2[Salary],Table2[Department],H22,Table2[Gender],"Female") -> 92450 | K22: =_xlfn.MINIFS(Table2[Salary],Table2[Department],$H22,Table2[Gender],"Male") -> 48170 | L22: =_xlfn.MINIFS(Table2[Salary],Table2[Department],$H22,Table2[Gender],"Female") -> 58940
H23: Website | I23: =_xlfn.MAXIFS(Table2[Salary],Table2[Department],$H23,Table2[Gender],"Male") -> 118840 | J23: =_xlfn.MAXIFS(Table2[Salary],Table2[Department],H23,Table2[Gender],"Female") -> 114870 | K23: =_xlfn.MINIFS(Table2[Salary],Table2[Department],$H23,Table2[Gender],"Male") -> 48950 | L23: =_xlfn.MINIFS(Table2[Salary],Table2[Department],$H23,Table2[Gender],"Female") -> 33920 | O23: Total Employees | P23: =COUNTIF(Table2[Department],[0]!department_value) -> 17
H24: HR | I24: =_xlfn.MAXIFS(Table2[Salary],Table2[Department],$H24,Table2[Gender],"Male") -> 75880 | J24: =_xlfn.MAXIFS(Table2[Salary],Table2[Department],H24,Table2[Gender],"Female") -> 119110 | K24: =_xlfn.MINIFS(Table2[Salary],Table2[Department],$H24,Table2[Gender],"Male") -> 75880 | L24: =_xlfn.MINIFS(Table2[Salary],Table2[Department],$H24,Table2[Gender],"Female") -> 45510 | O24: Average Salary | P24: =AVERAGEIFS(Table2[Salary],Table2[Department],department_value) -> 68805.294
O25: Average Age | P25: =AVERAGEIF(Table2[Department],department_value,Table2[Age]) -> 30.058824
F29: gfn | G29: Average of Salary
F30: Above average | G30: 76720
F31: Average | G31: 76618.649
F32: Exceptional | G32: 92080
F33: Poor | G33: 82262.222
F34: Very poor | G34: 77423.333
F35: Grand Total | G35: 77472.1

Sheet India Staff
B2: Name | C2: Gender | D2: Age | E2: Rating | F2: Date Joined | G2: Department | H2: Salary
B3: Deepali Charan | C3: Male | D3: 20 | E3: Average | F3: 44122 | G3: Website | H3: 112650
B4: Yagna Sujeev | C4: Female | D4: 32 | E4: Above average | F4: 44293 | G4: Website | H4: 43840
B5: Satyendra Venkatadri | C5: Male | D5: 31 | E5: Average | F5: 44663 | G5: Procurement | H5: 103550
B6: Madhavdas Buhpathi | C6: Female | D6: 32 | E6: Average | F6: 44339 | G6: HR | H6: 45510
B7: Sahila Chandrasekhar | D7: 37 | E7: Poor | F7: 44085 | G7: Finance | H7: 115440
B8: Mirium Seemantini Shivakumar | C8: Female | D8: 38 | E8: Above average | F8: 44268 | G8: Sales | H8: 56870
B9: Purnendu Vijayarangan | C9: Female | D9: 25 | E9: Average | F9: 44144 | G9: Sales | H9: 92700
B10: Rukma Vinita | D10: 32 | E10: Average | F10: 44713 | G10: Website | H10: 91310
B11: Yauvani Tarpa | C11: Male | D11: 33 | E11: Average | F11: 44324 | G11: Sales | H11: 74550
B12: Damayanti Thangavadivelu | C12: Male | D12: 25 | E12: Above average | F12: 44665 | G12: Procurement | H12: 109190
B13: Manjusri Ruchi | C13: Female | D13: 40 | E13: Average | F13: 44320 | G13: Website | H13: 104410
B14: Mithil Nadkarni | C14: Male | D14: 30 | E14: Average | F14: 44544 | G14: Finance | H14: 96800
B15: Ardhendu Abhichandra Jayakar | C15: Male | D15: 28 | E15: Above average | F15: 43980 | G15: Finance | H15: 48170
B16: Akbar Sorabhjee | C16: Male | D16: 21 | E16: Average | F16: 44042 | G16: Procurement | H16: 37920
B17: Bandhula Sathyanna | C17: Male | D17: 34 | E17: Average | F17: 44642 | G17: Procurement | H17: 112650
B18: Daruka Ghazali | C18: Female | D18: 34 | E18: Poor | F18: 44660 | G18: Sales | H18: 49630
B19: Heer Pennathur | C19: Male | D19: 36 | E19: Average | F19: 43958 | G19: Website | H19: 118840
B20: Shekhar Eswara | C20: Male | D20: 30 | E20: Average | F20: 44789 | G20: Website | H20: 69710
B21: Udyan Lanka | C21: Male | D21: 20 | E21: Average | F21: 44683 | G21: Procurement | H21: 79570
B22: Shreela Ramasubraman | C22: Female | D22: 22 | E22: Above average | F22: 44388 | G22: Procurement | H22: 76900
... B53: Indu Varada Sumedh | C53: Female | D53: 28 | E53: Average | F53: 44124 | G53: Finance | H53: 75970
B54: Karuna Pashupathy | D54: 27 | E54: Above average | F54: 44212 | G54: Website | H54: 90700
B55: Mardav Ramaswami | C55: Male | D55: 30 | E55: Average | F55: 44607 | G55: Procurement | H55: 60570
B56: Sarayu Ragunathan | C56: Male | D56: 33 | E56: Average | F56: 44103 | G56: Procurement | H56: 115920
B57: Kevalkumar Solanki | C57: Female | D57: 33 | E57: Average | F57: 44006 | G57: Finance | H57: 65360
B58: Upendra Swati | D58: 30 | E58: Average | F58: 44535 | G58: Finance | H58: 64000
B59: Deepit Ranjana | C59: Female | D59: 34 | E59: Average | F59: 44383 | G59: Finance | H59: 92450
B60: Amal Nimesh | C60: Male | D60: 31 | E60: Average | F60: 44450 | G60: Website | H60: 48950
B61: Kunja Prashanta Vibha | C61: Female | D61: 27 | E61: Average | F61: 44625 | G61: Website | H61: 83750
B62: Godavari Veena | C62: Female | D62: 40 | E62: Average | F62: 44276 | G62: Website | H62: 87620
B63: Devasree Fullara Saurin | C63: Female | D63: 20 | E63: Poor | F63: 44476 | G63: Sales | H63: 68900
B64: Geena Raghavanpillai | C64: Male | D64: 32 | E64: Average | F64: 44403 | G64: Sales | H64: 53540
B65: Rupak Mehra | C65: Male | D65: 28 | E65: Very poor | F65: 44758 | G65: Sales | H65: 43510
B66: Sawini Chandan | C66: Female | D66: 38 | E66: Exceptional | F66: 44316 | G66: Sales | H66: 109160
B67: Baruna Ogale | C67: Male | D67: 40 | E67: Average | F67: 44204 | G67: Procurement | H67: 99750
B68: Jagajeet Viraj | C68: Female | D68: 31 | E68: Average | F68: 44084 | G68: Website | H68: 41980
B69: Kulbhushan Moorthy | C69: Male | D69: 36 | E69: Average | F69: 44272 | G69: Finance | H69: 71380
B70: Ilesh Dasgupta | C70: Male | D70: 27 | E70: Very poor | F70: 44547 | G70: Procurement | H70: 113280
... B94: Sukhdev Nageshwar | C94: Female | D94: 33 | E94: Average | F94: 44129 | G94: Website | H94: 96140
